area_unit_id,area_unit_name,2 + bedrooms needed (severely crowded),1 bedroom needed (crowded),total_crowded,total_crowded_percent,No extra bedrooms required,1 bedroom spare,2 or more bedrooms spare,total_not_crowded,total_not_crowded_percent,total_stated,total_unknown,total_households,average_household_size
505300,Wellsford,9,21,30,5.1, 102 , 204 , 255 , 561 ,94.9, 591 , 33 , 621 ,2.6
505400,Leigh,,3,6,3.9, 27 , 48 , 72 , 147 ,96.1, 153 , 9 , 162 ,2.4
505500,Warkworth,9,33,39,3.1, 195 , 453 , 588 ," 1,233 ",96.7," 1,275 ", 33 ," 1,305 ",2.4
505601,Waimauku,,6,6,2.3, 42 , 84 , 129 , 252 ,97.7, 258 , 9 , 270 ,3.2
505602,Huapai,,12,15,3.0, 93 , 174 , 219 , 486 ,97.0, 501 , 24 , 522 ,2.7
505603,Riverhead Urban,6,15,18,4.8, 81 , 138 , 135 , 354 ,95.2, 372 , 15 , 387 ,3.1
505604,Kumeu East,,12,12,3.0, 84 , 108 , 189 , 381 ,96.2, 396 , 24 , 417 ,3.0
505605,Kumeu West,,9,12,2.2, 108 , 156 , 261 , 522 ,97.8, 534 , 24 , 558 ,2.9
505700,Waipareira West,,,,, 57 , 99 , 132 , 288 ,99.0, 291 , 15 , 306 ,2.8
505803,Waiwera,,6,9,9.4, 33 , 27 , 30 , 87 ,90.6, 96 , 6 , 102 ,2.1
505804,Hatfields Beach,,9,9,2.2, 84 , 150 , 171 , 405 ,97.1, 417 , 15 , 432 ,2.7
505805,Orewa,15,63,75,2.4, 522 ," 1,179 "," 1,314 "," 3,015 ",97.6," 3,090 ", 126 ," 3,213 ",2.2
505806,Silverdale Central,,,,, 21 , 54 , 111 , 183 ,98.4, 186 , 3 , 192 ,2.8
505807,Red Beach West,,12,12,1.4, 126 , 381 , 327 , 834 ,98.6, 846 , 18 , 864 ,2.4
505808,Red Beach East,,18,18,1.3, 231 , 504 , 603 ," 1,338 ",98.7," 1,356 ", 48 ," 1,404 ",2.5
505902,Manly,,33,33,1.4, 375 , 879 ," 1,071 "," 2,325 ",98.5," 2,361 ", 57 ," 2,418 ",2.5
505904,Army Bay,,18,18,1.6, 174 , 357 , 600 ," 1,128 ",98.4," 1,146 ", 21 ," 1,170 ",2.8
505906,Vipond,,15,18,1.9, 189 , 402 , 330 , 921 ,98.4, 936 , 18 , 957 ,2.6
505907,Stanmore Bay West,6,18,24,2.7, 192 , 333 , 336 , 858 ,96.9, 885 , 21 , 903 ,2.9
505908,Stanmore Bay East,6,21,27,3.2, 186 , 318 , 321 , 828 ,97.2, 852 , 42 , 897 ,2.6
505909,Wade Heads,6,30,33,3.5, 162 , 333 , 420 , 915 ,96.5, 948 , 33 , 984 ,2.7
505910,Gulf Harbour,,9,9,1.4, 75 , 204 , 375 , 654 ,98.6, 663 , 24 , 687 ,2.7
506001,Weiti River,,6,6,4.3, 45 , 39 , 51 , 132 ,93.6, 141 , 9 , 150 ,2.6
506002,Stillwater,,,3,1.1, 48 , 123 , 99 , 270 ,98.9, 273 , 9 , 285 ,2.8
506003,Silverdale South,,6,6,2.1, 63 , 90 , 126 , 276 ,97.9, 282 , 9 , 288 ,3.0
506201,Silverdale North,,9,9,3.6, 51 , 78 , 111 , 240 ,96.4, 249 , 15 , 264 ,3.0
506202,Orewa West,,,,, 6 , 3 , 12 , 21 ,100.0, 21 , ..C , 21 ,3.0
506300,Dairy Flat-Redvale,,9,9,1.3, 126 , 210 , 342 , 675 ,98.3, 687 , 18 , 708 ,3.0
506400,Paremoremo West,,3,6,2.8, 33 , 60 , 114 , 210 ,97.2, 216 , 6 , 222 ,3.1
506613,Tauhoa-Puhoi,9,33,42,3.1, 219 , 408 , 678 ," 1,305 ",96.9," 1,347 ", 81 ," 1,425 ",2.8
506614,Tahekeroa,6,24,30,2.7, 192 , 360 , 510 ," 1,065 ",97.5," 1,092 ", 45 ," 1,140 ",3.0
506616,Matheson Bay,,,,, 6 , 18 , 24 , 45 ,93.8, 48 , ..C , 48 ,2.3
506620,Kawau,,,,, 9 , 12 , 21 , 42 ,100.0, 42 , ..C , 45 ,1.9
506631,Snells Beach,6,21,27,2.1, 168 , 384 , 678 ," 1,230 ",97.9," 1,257 ", 57 ," 1,311 ",2.4
506633,Algies Bay,,,,, 30 , 69 , 141 , 240 ,98.8, 243 , 6 , 252 ,2.3
506634,Mahurangi,,,,, 9 , 39 , 72 , 114 ,97.4, 117 , 3 , 120 ,2.3
506642,South Head,3,9,15,3.4, 87 , 129 , 204 , 423 ,96.6, 438 , 57 , 495 ,2.6
506644,Parakai Rural,,3,6,3.3, 42 , 54 , 81 , 177 ,96.7, 183 , 3 , 186 ,2.7
506645,Parakai Urban,3,21,24,8.2, 84 , 93 , 90 , 267 ,90.8, 294 , 39 , 330 ,2.5
506646,Kaukapakapa Rural,,15,15,2.2, 123 , 219 , 318 , 663 ,97.8, 678 , 33 , 711 ,2.8
506647,Kaukapakapa,,,,, 39 , 45 , 54 , 135 ,97.8, 138 , 6 , 144 ,3.0
506648,Helensville South,3,6,12,7.5, 27 , 45 , 78 , 147 ,92.5, 159 , 6 , 165 ,3.0
506652,Rewiti,6,12,18,2.9, 132 , 189 , 273 , 594 ,97.1, 612 , 30 , 642 ,2.9
506653,Riverhead,,15,15,1.6, 162 , 279 , 462 , 903 ,98.4, 918 , 39 , 957 ,3.1
506654,Muriwai Beach,,12,12,3.3, 108 , 132 , 111 , 348 ,95.9, 363 , 33 , 396 ,2.6
506655,Muriwai Valley,,3,9,5.4, 33 , 57 , 69 , 162 ,96.4, 168 , 18 , 186 ,3.2
506656,Waitakere West,,3,6,3.2, 51 , 57 , 72 , 180 ,96.8, 186 , 21 , 207 ,2.8
506657,Point Wells,,,,, 24 , 42 , 84 , 147 ,98.0, 150 , ..C , 153 ,2.2
506658,Omaha,,,,, 18 , 42 , 114 , 174 ,100.0, 174 , ..C , 177 ,2.2
506659,Matakana,,,,, 21 , 21 , 33 , 75 ,96.2, 78 , ..C , 81 ,2.9
506660,Cape Rodney,6,21,24,2.7, 138 , 276 , 435 , 849 ,96.9, 876 , 48 , 921 ,2.8
506661,Cape Rodney South,,15,15,1.7, 147 , 249 , 465 , 858 ,98.3, 873 , 24 , 897 ,2.6
506800,Helensville,6,30,36,4.1, 207 , 291 , 342 , 840 ,95.9, 876 , 51 , 927 ,2.7
506901,Awaruku,,21,21,1.8, 204 , 414 , 531 ," 1,149 ",98.2," 1,170 ", 15 ," 1,182 ",3.0
506902,Glamorgan,6,18,24,2.2, 201 , 414 , 441 ," 1,056 ",97.8," 1,080 ", 24 ," 1,104 ",2.9
506903,Torbay,6,33,39,2.3, 303 , 567 , 813 ," 1,680 ",97.9," 1,716 ", 27 ," 1,746 ",2.7
507000,Waiake,,33,36,2.5, 261 , 507 , 621 ," 1,389 ",97.7," 1,422 ", 18 ," 1,443 ",2.8
507101,Browns Bay,,27,33,2.2, 291 , 576 , 573 ," 1,443 ",97.8," 1,476 ", 33 ," 1,509 ",2.6
507102,Oaktree,3,33,36,2.4, 294 , 507 , 636 ," 1,434 ",97.6," 1,470 ", 27 ," 1,497 ",3.0
507200,Rothesay Bay,6,30,36,2.2, 327 , 537 , 753 ," 1,614 ",97.6," 1,653 ", 39 ," 1,689 ",2.9
507300,Murrays Bay,6,24,30,2.0, 222 , 525 , 729 ," 1,476 ",97.8," 1,509 ", 18 ," 1,527 ",3.0
507400,Mairangi Bay,6,24,36,2.0, 276 , 603 , 855 ," 1,734 ",98.1," 1,767 ", 21 ," 1,788 ",2.9
507500,Campbells Bay,,9,9,1.2, 90 , 249 , 408 , 750 ,98.4, 762 , 3 , 765 ,2.9
507710,Castor Bay,,15,15,1.5, 147 , 303 , 567 ," 1,011 ",98.3," 1,029 ", 21 ," 1,050 ",2.7
507720,Crown Hill,,30,30,2.5, 213 , 429 , 537 ," 1,176 ",97.3," 1,209 ", 24 ," 1,233 ",2.6
507800,Lake Pupuke,6,39,45,2.1, 444 , 804 , 810 ," 2,058 ",97.9," 2,103 ", 81 ," 2,184 ",2.4
507900,Westlake,12,72,84,4.9, 495 , 666 , 489 ," 1,647 ",95.1," 1,731 ", 51 ," 1,782 ",2.4
508010,Takapuna Central,,21,24,2.1, 195 , 432 , 480 ," 1,104 ",97.9," 1,128 ", 60 ," 1,191 ",2.2
508020,Hauraki,15,48,63,3.0, 381 , 795 , 843 ," 2,022 ",97.0," 2,085 ", 75 ," 2,160 ",2.6
508110,Seacliffe,9,27,36,2.9, 306 , 489 , 393 ," 1,191 ",96.8," 1,230 ", 42 ," 1,269 ",2.6
508120,Bayswater,6,18,24,2.9, 207 , 279 , 327 , 810 ,97.1, 834 , 18 , 855 ,2.7
508210,Kaipatiki,15,87,102,7.6, 306 , 468 , 474 ," 1,248 ",92.7," 1,347 ", 39 ," 1,386 ",2.9
508220,Windy Ridge,15,36,51,4.4, 267 , 396 , 441 ," 1,101 ",95.3," 1,155 ", 42 ," 1,194 ",2.8
508310,Glenfield Central,27,87,114,7.4, 381 , 525 , 528 ," 1,434 ",92.6," 1,548 ", 36 ," 1,584 ",2.8
508320,Glenfield North,15,72,90,6.8, 348 , 474 , 420 ," 1,242 ",93.2," 1,332 ", 42 ," 1,374 ",2.9
508411,Glendhu,18,48,69,4.0, 408 , 648 , 585 ," 1,641 ",95.8," 1,713 ", 36 ," 1,749 ",2.9
508412,Witheford,18,42,57,5.8, 219 , 360 , 339 , 918 ,93.9, 978 , 30 ," 1,005 ",3.0
508420,Target Road,24,123,144,6.8, 582 , 774 , 615 ," 1,971 ",93.2," 2,115 ", 51 ," 2,166 ",2.9
508510,Forrest Hill,21,63,84,4.8, 390 , 645 , 627 ," 1,665 ",95.4," 1,746 ", 36 ," 1,782 ",2.9
508520,Sunnynook,21,69,93,4.4, 531 , 750 , 750 ," 2,031 ",95.6," 2,124 ", 45 ," 2,172 ",3.0
508610,Monarch Park,18,48,60,3.6, 330 , 573 , 690 ," 1,596 ",96.4," 1,656 ", 27 ," 1,686 ",2.8
508620,Sunnybrae,9,45,54,5.2, 255 , 381 , 354 , 993 ,94.8," 1,047 ", 45 ," 1,092 ",2.7
508701,Albany,,18,21,3.0, 183 , 213 , 285 , 681 ,97.0, 702 , 60 , 765 ,2.8
508703,Fairview,,6,9,2.0, 105 , 174 , 159 , 438 ,98.0, 447 , 6 , 450 ,2.4
508704,Northcross,,24,27,2.5, 300 , 399 , 369 ," 1,065 ",97.5," 1,092 ", 24 ," 1,113 ",2.7
508803,Unsworth Heights,21,48,69,4.2, 345 , 573 , 645 ," 1,563 ",95.8," 1,632 ", 12 ," 1,647 ",3.2
508804,Pinehill,,21,24,3.3, 150 , 249 , 315 , 711 ,96.7, 735 , 33 , 768 ,3.5
508805,Windsor Park,9,21,27,4.0, 183 , 288 , 174 , 642 ,96.0, 669 , 30 , 699 ,2.5
508806,North Harbour West,,15,18,2.2, 138 , 270 , 405 , 813 ,97.8, 831 , 21 , 849 ,3.3
508807,North Harbour East,9,39,48,3.8, 342 , 420 , 465 ," 1,224 ",96.2," 1,272 ", 30 ," 1,299 ",2.8
508900,Long Bay,,,6,2.4, 45 , 84 , 117 , 249 ,98.8, 252 , 6 , 261 ,2.9
509000,Paremoremo East,,9,9,1.5, 105 , 213 , 291 , 606 ,98.5, 615 , 18 , 633 ,3.0
509100,Greenhithe,,21,24,1.2, 291 , 642 ," 1,035 "," 1,965 ",98.6," 1,992 ", 30 ," 2,022 ",3.2
509300,Narrow Neck,,39,42,3.2, 336 , 501 , 414 ," 1,251 ",96.8," 1,293 ", 30 ," 1,323 ",2.6
509400,Mt Victoria,6,36,42,2.1, 468 , 738 , 714 ," 1,923 ",98.0," 1,962 ", 57 ," 2,022 ",2.6
509500,Stanley Bay,,3,6,0.9, 120 , 249 , 273 , 642 ,99.1, 648 , 12 , 660 ,2.9
509701,Ocean View,18,81,96,6.2, 378 , 537 , 537 ," 1,455 ",93.6," 1,554 ", 63 ," 1,614 ",2.8
509702,Tuff Crater,33,78,111,8.5, 363 , 459 , 372 ," 1,194 ",91.3," 1,308 ", 75 ," 1,380 ",2.8
509800,Northcote South,,42,42,2.9, 285 , 588 , 546 ," 1,422 ",97.1," 1,464 ", 66 ," 1,530 ",2.6
510010,Beachhaven North,30,90,120,6.9, 474 , 612 , 531 ," 1,614 ",93.1," 1,734 ", 102 ," 1,836 ",2.9
510020,Beachhaven South,18,66,84,5.6, 285 , 489 , 639 ," 1,416 ",94.4," 1,500 ", 57 ," 1,557 ",2.9
510210,Birkdale North,24,57,81,9.2, 231 , 291 , 273 , 798 ,90.8, 879 , 57 , 936 ,3.0
510220,Birkdale South,9,51,63,4.8, 300 , 477 , 486 ," 1,263 ",95.2," 1,326 ", 75 ," 1,398 ",2.7
510401,Kauri Park,9,45,54,4.0, 303 , 555 , 450 ," 1,302 ",96.0," 1,356 ", 51 ," 1,410 ",2.7
510402,Chelsea,6,27,30,2.4, 198 , 363 , 651 ," 1,209 ",97.6," 1,239 ", 24 ," 1,266 ",3.0
510500,Birkenhead East,9,39,45,3.1, 330 , 510 , 561 ," 1,398 ",96.7," 1,446 ", 60 ," 1,506 ",2.6
510700,Henderson North,24,105,126,6.7, 501 , 756 , 504 ," 1,758 ",93.3," 1,884 ", 135 ," 2,022 ",2.5
510800,Henderson South,39,87,126,10.0, 354 , 441 , 345 ," 1,137 ",90.0," 1,263 ", 99 ," 1,365 ",2.9
511001,Tangutu,21,60,81,9.0, 222 , 300 , 291 , 816 ,91.0, 897 , 54 , 951 ,3.1
511002,Woodglen,30,69,96,7.4, 330 , 459 , 417 ," 1,206 ",92.8," 1,299 ", 123 ," 1,422 ",2.9
511100,Glen Eden East,42,144,186,8.3, 675 , 756 , 627 ," 2,058 ",91.6," 2,247 ", 189 ," 2,436 ",2.7
511301,New Lynn North,18,63,81,10.2, 228 , 309 , 180 , 714 ,89.8, 795 , 93 , 891 ,2.7
511302,New Lynn South,21,45,66,8.4, 255 , 297 , 174 , 723 ,91.6, 789 , 135 , 927 ,2.6
511303,Lynnmall,27,84,111,15.3, 267 , 237 , 111 , 615 ,84.7, 726 , 72 , 795 ,2.9
511401,Fruitvale,33,90,126,8.7, 396 , 549 , 384 ," 1,329 ",91.5," 1,452 ", 96 ," 1,551 ",2.7
511402,Rewarewa,27,93,120,8.7, 360 , 528 , 369 ," 1,257 ",91.3," 1,377 ", 78 ," 1,455 ",2.8
511601,Glendene North,36,75,111,8.7, 297 , 393 , 471 ," 1,161 ",91.3," 1,272 ", 72 ," 1,347 ",3.1
511602,Glendene South,24,45,69,8.9, 192 , 258 , 258 , 705 ,91.4, 771 , 33 , 810 ,3.2
511700,Kelston Central,66,120,189,16.8, 318 , 327 , 291 , 936 ,83.2," 1,125 ", 63 ," 1,188 ",3.5
511800,Sunnyvale,27,60,90,7.5, 270 , 435 , 408 ," 1,116 ",92.8," 1,203 ", 45 ," 1,248 ",3.0
511901,Kaurilands,,30,33,3.3, 216 , 354 , 402 , 972 ,96.7," 1,005 ", 33 ," 1,038 ",2.9
511902,Crum Park,9,39,48,3.7, 216 , 414 , 612 ," 1,245 ",96.3," 1,293 ", 39 ," 1,329 ",2.8
512000,Titirangi South,6,18,24,2.0, 186 , 405 , 558 ," 1,155 ",98.0," 1,179 ", 36 ," 1,212 ",2.7
512100,Green Bay,12,42,54,3.6, 306 , 615 , 537 ," 1,461 ",96.4," 1,515 ", 51 ," 1,566 ",2.5
512201,Matipo,15,45,60,6.3, 246 , 327 , 315 , 888 ,94.0, 945 , 87 ," 1,035 ",2.7
512202,Durham Green,27,81,108,8.2, 288 , 429 , 495 ," 1,212 ",91.8," 1,320 ", 87 ," 1,404 ",3.1
512300,Te Atatu Central,24,63,87,6.0, 276 , 504 , 579 ," 1,356 ",94.0," 1,443 ", 117 ," 1,560 ",2.8
512401,Edmonton,18,60,75,7.2, 243 , 378 , 348 , 969 ,92.8," 1,044 ", 111 ," 1,155 ",2.7
512402,Wakeling,15,60,75,6.3, 237 , 411 , 468 ," 1,116 ",93.7," 1,191 ", 93 ," 1,281 ",2.9
512500,Mcleod,33,99,135,7.9, 414 , 648 , 522 ," 1,584 ",92.3," 1,716 ", 105 ," 1,824 ",2.9
512600,Konini,3,33,39,3.6, 195 , 399 , 465 ," 1,059 ",96.4," 1,098 ", 51 ," 1,146 ",2.9
512700,Waima,,15,15,1.9, 153 , 297 , 324 , 774 ,98.5, 786 , 24 , 807 ,2.9
512801,Laingholm,,15,21,2.5, 195 , 300 , 309 , 804 ,97.5, 825 , 36 , 858 ,2.9
512802,Armour Bay,,6,6,4.0, 30 , 48 , 66 , 144 ,96.0, 150 , 12 , 159 ,2.8
512902,Otimai,,9,12,1.4, 156 , 306 , 405 , 867 ,98.6, 879 , 48 , 927 ,3.0
512903,Parrs Park West,18,54,72,13.7, 186 , 174 , 90 , 453 ,86.3, 525 , 24 , 552 ,3.5
512904,Parrs Park,3,15,21,10.0, 60 , 57 , 72 , 189 ,90.0, 210 , 30 , 240 ,3.0
512905,Oratia West,,,,, 12 , 21 , 24 , 57 ,95.0, 60 , 6 , 66 ,2.9
512906,Oratia,36,63,102,10.6, 267 , 336 , 258 , 861 ,89.1, 966 , 51 ," 1,014 ",3.2
513011,Henderson West,6,18,27,4.1, 132 , 240 , 270 , 642 ,96.4, 666 , 15 , 681 ,3.2
513012,Palm Heights,18,33,54,9.5, 99 , 177 , 243 , 519 ,91.1, 570 , 27 , 597 ,3.5
513013,McLaren Park,42,78,120,15.7, 210 , 246 , 183 , 642 ,84.3, 762 , 48 , 810 ,3.4
513020,Opanuku,6,21,27,4.0, 135 , 219 , 294 , 651 ,96.4, 675 , 39 , 711 ,2.9
513101,Swanson,,3,6,1.7, 93 , 135 , 108 , 339 ,98.3, 345 , 39 , 384 ,2.8
513102,Swanson South,,3,6,1.9, 51 , 108 , 141 , 306 ,98.1, 312 , 30 , 342 ,3.0
513211,Urlich,30,48,78,12.3, 177 , 207 , 168 , 555 ,87.3, 636 , 72 , 705 ,3.3
513212,Starling Park,36,54,90,15.2, 156 , 192 , 156 , 504 ,84.8, 594 , 96 , 690 ,3.3
513213,Ranui Domain,36,69,105,13.1, 246 , 276 , 174 , 696 ,86.6, 804 , 159 , 963 ,3.1
513214,Ranui South,15,36,51,7.2, 183 , 255 , 219 , 654 ,92.8, 705 , 54 , 759 ,3.2
513220,Sturges North,24,60,84,4.8, 288 , 549 , 822 ," 1,656 ",95.2," 1,740 ", 72 ," 1,815 ",3.2
513301,Kingdale,39,75,114,12.0, 264 , 318 , 255 , 834 ,87.7, 951 , 87 ," 1,038 ",3.3
513302,Fairdene,45,99,147,11.3, 339 , 429 , 390 ," 1,152 ",88.7," 1,299 ", 78 ," 1,377 ",3.2
513410,Whenuapai West,,21,24,4.0, 120 , 237 , 228 , 582 ,96.0, 606 , 36 , 639 ,2.8
513420,Herald,,15,15,2.6, 126 , 192 , 246 , 561 ,97.4, 576 , 21 , 597 ,2.8
513431,Hobsonville East,,6,9,2.3, 63 , 141 , 186 , 393 ,98.5, 399 , 9 , 408 ,2.8
513432,Hobsonville South,,9,9,1.2, 81 , 231 , 405 , 720 ,98.4, 732 , 9 , 741 ,2.8
513511,Westgate,6,21,27,7.0, 69 , 144 , 147 , 357 ,93.0, 384 , 15 , 399 ,2.7
513512,Royal Road West,15,57,72,9.4, 171 , 252 , 273 , 696 ,90.6, 768 , 51 , 819 ,3.2
513521,West Harbour,51,93,144,10.7, 324 , 468 , 408 ," 1,200 ",89.3," 1,344 ", 105 ," 1,449 ",3.4
513522,Lucken Point,,30,30,1.9, 204 , 492 , 870 ," 1,566 ",97.9," 1,599 ", 51 ," 1,647 ",3.2
513530,Royal Heights,39,93,132,7.4, 411 , 582 , 645 ," 1,641 ",92.6," 1,773 ", 75 ," 1,848 ",3.1
513610,Massey West,,6,9,7.7, 21 , 42 , 45 , 111 ,94.9, 117 , 9 , 126 ,2.7
513621,Birdwood West,,,3,2.2, 24 , 54 , 54 , 132 ,97.8, 135 , 21 , 156 ,2.9
513622,Birdwood East,6,12,18,7.0, 63 , 87 , 87 , 240 ,93.0, 258 , 15 , 276 ,3.2
513631,Waimumu North,51,108,162,11.8, 372 , 414 , 429 ," 1,215 ",88.4," 1,374 ", 123 ," 1,497 ",3.5
513632,Waimumu South,27,78,105,9.7, 267 , 369 , 339 , 975 ,90.5," 1,077 ", 108 ," 1,188 ",3.2
513701,Taupaki,,9,9,3.4, 57 , 87 , 108 , 252 ,96.6, 261 , 15 , 279 ,3.0
513702,Waitakere,,24,24,4.1, 129 , 180 , 258 , 567 ,96.4, 588 , 36 , 624 ,3.0
513800,Karekare,,24,24,2.7, 225 , 369 , 276 , 867 ,97.0, 894 , 75 , 966 ,2.5
514000,Freemans Bay,9,51,60,4.0, 588 , 507 , 336 ," 1,431 ",96.2," 1,488 ", 153 ," 1,641 ",2.2
514101,Auckland Harbourside,12,51,60,5.5, 552 , 354 , 126 ," 1,032 ",94.5," 1,092 ", 210 ," 1,299 ",1.9
514102,Auckland Central West,54,300,354,12.5," 1,770 ", 618 , 96 ," 2,487 ",87.7," 2,835 ", 900 ," 3,735 ",1.9
514103,Auckland Central East,63,258,321,12.8," 1,722 ", 426 , 51 ," 2,196 ",87.2," 2,517 ", 732 ," 3,252 ",1.8
514200,Newton,9,24,33,7.5, 240 , 141 , 27 , 405 ,92.5, 438 , 75 , 513 ,2.1
514301,Grafton West,18,51,69,8.3, 501 , 234 , 27 , 759 ,91.3, 831 , 186 ," 1,014 ",1.9
514302,Grafton East,,12,18,8.1, 126 , 48 , 27 , 204 ,91.9, 222 , 6 , 228 ,2.1
514401,Roberton,51,123,174,11.2, 501 , 522 , 366 ," 1,386 ",89.0," 1,557 ", 123 ," 1,680 ",2.8
514402,Glenavon,78,177,255,16.5, 486 , 459 , 348 ," 1,293 ",83.5," 1,548 ", 219 ," 1,767 ",3.2
514500,New Windsor,57,159,219,12.0, 489 , 555 , 564 ," 1,605 ",88.1," 1,821 ", 87 ," 1,908 ",3.3
514600,Avondale South,51,87,135,8.7, 441 , 495 , 486 ," 1,422 ",91.2," 1,560 ", 108 ," 1,668 ",3.1
514700,Blockhouse Bay,21,78,99,5.2, 483 , 633 , 693 ," 1,809 ",94.7," 1,911 ", 75 ," 1,986 ",2.9
514801,Rosebank,69,156,225,18.6, 360 , 324 , 297 , 981 ,81.1," 1,209 ", 93 ," 1,299 ",3.4
514802,Avondale West,72,153,228,18.1, 387 , 405 , 240 ," 1,032 ",81.9," 1,260 ", 108 ," 1,371 ",3.4
514900,Waterview,51,108,156,13.5, 333 , 426 , 231 , 996 ,86.5," 1,152 ", 57 ," 1,206 ",2.7
515001,Point Chevalier West,12,33,45,3.8, 366 , 444 , 318 ," 1,128 ",96.2," 1,173 ", 39 ," 1,212 ",2.5
515002,Point Chevalier East,24,72,96,6.3, 393 , 576 , 456 ," 1,428 ",93.7," 1,524 ", 66 ," 1,590 ",2.6
515003,Point Chevalier South,15,39,54,11.5, 171 , 165 , 84 , 417 ,88.5, 471 , 21 , 489 ,2.8
515100,Westmere,12,48,60,3.7, 468 , 624 , 480 ," 1,572 ",96.3," 1,632 ", 60 ," 1,692 ",2.7
515201,Herne Bay,6,15,21,1.9, 348 , 345 , 399 ," 1,092 ",98.1," 1,113 ", 60 ," 1,176 ",2.4
515202,St Marys,,24,24,2.5, 321 , 294 , 333 , 948 ,97.5, 972 , 66 ," 1,038 ",2.2
515301,Ponsonby West,12,30,42,5.2, 258 , 279 , 219 , 759 ,94.8, 801 , 33 , 834 ,2.8
515302,Ponsonby East,9,33,42,3.5, 435 , 423 , 297 ," 1,155 ",96.5," 1,197 ", 90 ," 1,284 ",2.5
515410,Grey Lynn West,24,42,66,6.1, 417 , 336 , 273 ," 1,020 ",93.7," 1,089 ", 45 ," 1,134 ",2.8
515420,Grey Lynn East,12,39,51,4.6, 450 , 372 , 228 ," 1,053 ",95.6," 1,101 ", 75 ," 1,179 ",2.7
515431,Surrey Crescent,21,51,72,7.9, 327 , 312 , 198 , 837 ,92.1, 909 , 72 , 981 ,2.7
515432,St Lukes North,,9,12,5.1, 66 , 84 , 72 , 225 ,94.9, 237 , 18 , 252 ,2.9
515500,Arch Hill,6,18,24,5.4, 219 , 129 , 75 , 423 ,94.6, 447 , 30 , 477 ,2.5
515600,Eden Terrace,15,57,75,10.0, 405 , 207 , 63 , 678 ,90.0, 753 , 90 , 846 ,2.3
515700,Epsom North,9,66,75,7.0, 309 , 345 , 342 , 996 ,92.7," 1,074 ", 45 ," 1,119 ",2.8
515801,Epsom Central,9,93,105,9.6, 321 , 324 , 339 , 984 ,90.4," 1,089 ", 27 ," 1,116 ",3.1
515802,Epsom South,12,48,57,5.3, 219 , 345 , 447 ," 1,011 ",94.4," 1,071 ", 18 ," 1,086 ",3.2
515901,Parnell East,,9,12,1.4, 222 , 270 , 342 , 834 ,98.6, 846 , 33 , 876 ,2.4
515902,Parnell West,6,48,57,3.3, 597 , 651 , 414 ," 1,662 ",96.9," 1,716 ", 165 ," 1,881 ",2.2
516001,Mt Hobson,6,24,33,8.3, 123 , 108 , 132 , 363 ,91.7, 396 , 18 , 411 ,2.8
516002,Remuera South,9,54,66,5.5, 318 , 441 , 372 ," 1,128 ",94.5," 1,194 ", 51 ," 1,245 ",2.9
516003,Abbotts Park,12,36,48,3.2, 417 , 510 , 525 ," 1,452 ",96.8," 1,500 ", 45 ," 1,548 ",2.6
516101,Remuera West,,24,27,2.2, 246 , 423 , 525 ," 1,194 ",97.8," 1,221 ", 33 ," 1,254 ",2.6
516102,Waitaramoa,3,24,27,2.0, 228 , 435 , 636 ," 1,299 ",98.0," 1,326 ", 42 ," 1,368 ",2.8
516201,Orakei South,,18,21,1.8, 183 , 405 , 573 ," 1,164 ",98.5," 1,182 ", 30 ," 1,209 ",2.8
516202,Waiata,,24,24,1.8, 180 , 495 , 663 ," 1,338 ",98.0," 1,365 ", 36 ," 1,401 ",2.7
516301,Meadowbank North,18,45,63,2.8, 534 , 834 , 840 ," 2,208 ",97.4," 2,268 ", 57 ," 2,328 ",2.6
516302,Meadowbank South,9,27,36,2.1, 234 , 627 , 807 ," 1,668 ",98.1," 1,701 ", 42 ," 1,743 ",2.8
516400,Orakei North,33,105,138,6.9, 486 , 678 , 702 ," 1,860 ",93.0," 2,001 ", 84 ," 2,085 ",2.5
516500,Mission Bay,9,60,72,3.4, 456 , 789 , 792 ," 2,037 ",96.7," 2,106 ", 57 ," 2,163 ",2.4
516601,Kohimarama West,,12,12,1.0, 225 , 417 , 567 ," 1,209 ",98.8," 1,224 ", 105 ," 1,329 ",2.4
516602,Kohimarama East,,24,27,2.0, 189 , 417 , 705 ," 1,311 ",98.2," 1,335 ", 30 ," 1,368 ",2.6
516700,St Heliers,,18,21,1.1, 261 , 633 , 969 ," 1,860 ",98.9," 1,881 ", 54 ," 1,935 ",2.4
516800,Glendowie,3,21,24,1.8, 231 , 480 , 606 ," 1,317 ",98.4," 1,338 ", 15 ," 1,356 ",2.9
516900,Glen Innes North,15,36,51,2.6, 429 , 669 , 825 ," 1,923 ",97.6," 1,971 ", 51 ," 2,025 ",2.7
517001,Glen Innes West,105,177,285,22.9, 366 , 342 , 252 , 957 ,77.1," 1,242 ", 117 ," 1,359 ",3.5
517002,Glen Innes East,84,114,195,24.5, 228 , 219 , 147 , 594 ,74.7, 795 , 45 , 840 ,3.5
517100,Point England,123,162,282,24.7, 420 , 282 , 153 , 855 ,75.0," 1,140 ", 90 ," 1,230 ",3.4
517201,St Johns,15,69,84,8.4, 360 , 357 , 201 , 918 ,91.9, 999 , 48 ," 1,047 ",2.5
517202,Stonefields,,,,, 9 , 27 , 33 , 72 ,100.0, 72 , 3 , 75 ,2.8
517400,Newmarket,6,30,36,5.8, 315 , 162 , 114 , 591 ,94.7, 624 , 36 , 663 ,2.2
517500,Kingsland,30,57,84,6.3, 504 , 462 , 279 ," 1,242 ",93.5," 1,329 ", 87 ," 1,416 ",2.7
517600,St Lukes,18,102,123,8.3, 564 , 516 , 276 ," 1,356 ",91.7," 1,479 ", 78 ," 1,554 ",2.6
517701,Sandringham North,27,78,105,10.0, 384 , 363 , 195 , 942 ,90.0," 1,047 ", 54 ," 1,101 ",2.8
517702,Sandringham West,39,144,180,11.7, 504 , 549 , 303 ," 1,356 ",88.3," 1,536 ", 81 ," 1,617 ",2.7
517703,Sandringham East,36,111,147,13.2, 375 , 387 , 201 , 963 ,86.5," 1,113 ", 45 ," 1,161 ",2.8
517800,Mt Albert Central,39,129,168,9.2, 567 , 624 , 480 ," 1,671 ",91.0," 1,836 ", 69 ," 1,905 ",2.8
517901,Springleigh,27,75,102,11.3, 306 , 330 , 162 , 801 ,89.0, 900 , 45 , 948 ,2.8
517902,Owairaka West,39,114,153,18.8, 282 , 249 , 132 , 663 ,81.3, 816 , 45 , 858 ,3.1
517903,Owairaka East,27,105,132,10.4, 351 , 402 , 384 ," 1,137 ",89.4," 1,272 ", 69 ," 1,341 ",3.0
518101,Mt Eden North,18,69,84,8.0, 555 , 288 , 123 , 969 ,92.0," 1,053 ", 123 ," 1,179 ",2.3
518102,Sherbourne,12,87,96,9.1, 483 , 270 , 204 , 957 ,90.6," 1,056 ", 75 ," 1,131 ",2.4
518201,Balmoral,15,120,135,7.5, 630 , 582 , 462 ," 1,674 ",92.7," 1,806 ", 72 ," 1,878 ",2.8
518202,Mt Eden East,9,60,69,7.6, 318 , 294 , 234 , 846 ,92.8, 912 , 27 , 939 ,2.9
518301,Maungawhau,9,66,75,6.2, 384 , 435 , 318 ," 1,137 ",93.8," 1,212 ", 27 ," 1,239 ",2.9
518302,Mt Eden South,15,69,84,5.3, 483 , 534 , 471 ," 1,488 ",94.7," 1,572 ", 54 ," 1,626 ",2.9
518500,Three Kings,51,168,222,12.6, 651 , 555 , 327 ," 1,533 ",87.4," 1,755 ", 75 ," 1,830 ",2.9
518600,Royal Oak,12,60,72,3.9, 396 , 660 , 696 ," 1,755 ",96.1," 1,827 ", 48 ," 1,878 ",2.8
518701,Hillsborough West,39,180,219,10.6, 591 , 666 , 585 ," 1,842 ",89.4," 2,061 ", 81 ," 2,142 ",3.2
518702,Hillsborough East,15,69,84,6.0, 354 , 465 , 492 ," 1,311 ",94.0," 1,395 ", 54 ," 1,446 ",2.8
518801,Walmsley,111,144,255,29.6, 264 , 225 , 117 , 606 ,70.4, 861 , 114 , 975 ,3.8
518802,Wesley,57,117,174,25.3, 267 , 150 , 99 , 513 ,74.7, 687 , 75 , 765 ,3.5
518803,Akarana,102,222,321,23.9, 438 , 372 , 207 ," 1,020 ",76.1," 1,341 ", 99 ," 1,440 ",3.6
518901,Lynfield North,48,96,141,8.7, 417 , 564 , 507 ," 1,485 ",91.2," 1,629 ", 96 ," 1,725 ",3.1
518902,Lynfield South,21,51,69,5.3, 288 , 444 , 510 ," 1,245 ",94.7," 1,314 ", 51 ," 1,365 ",3.1
519001,Waikowhai West,12,54,63,5.7, 216 , 423 , 399 ," 1,038 ",94.5," 1,098 ", 117 ," 1,215 ",2.8
519002,Waikowhai East,63,132,195,16.2, 339 , 348 , 324 ," 1,008 ",83.8," 1,203 ", 108 ," 1,311 ",3.4
519200,Mt St John,12,81,93,7.5, 345 , 417 , 390 ," 1,149 ",92.5," 1,242 ", 18 ," 1,263 ",3.0
519300,One Tree Hill Central,12,39,51,6.4, 165 , 252 , 330 , 750 ,93.6, 801 , 15 , 819 ,2.9
519400,One Tree Hill East,24,87,111,5.6, 456 , 753 , 645 ," 1,854 ",94.2," 1,968 ", 45 ," 2,010 ",2.7
519500,Penrose,12,18,30,14.1, 84 , 63 , 36 , 183 ,85.9, 213 , 9 , 222 ,2.9
519710,Onehunga North West,15,102,117,8.3, 453 , 567 , 276 ," 1,299 ",91.7," 1,416 ", 42 ," 1,461 ",2.3
519720,Onehunga North East,18,60,78,5.4, 324 , 654 , 378 ," 1,356 ",94.4," 1,437 ", 51 ," 1,485 ",2.4
519810,Onehunga South West,18,54,72,5.7, 321 , 435 , 432 ," 1,191 ",94.3," 1,263 ", 45 ," 1,308 ",2.7
519820,Onehunga South East,21,111,132,10.8, 399 , 477 , 210 ," 1,083 ",88.9," 1,218 ", 57 ," 1,275 ",2.5
519900,Oranga,78,129,210,18.2, 336 , 393 , 213 , 942 ,81.8," 1,152 ", 63 ," 1,215 ",3.1
520000,Te Papapa,39,72,108,9.6, 351 , 447 , 219 ," 1,014 ",90.1," 1,125 ", 66 ," 1,191 ",2.6
520201,Ellerslie North,12,72,87,3.8, 573 , 888 , 738 ," 2,199 ",96.3," 2,283 ", 78 ," 2,364 ",2.5
520202,Ellerslie South,9,33,45,6.1, 195 , 312 , 189 , 696 ,94.3, 738 , 30 , 768 ,2.5
520301,Mt Wellington Domain,15,54,72,12.1, 207 , 219 , 96 , 525 ,87.9, 597 , 24 , 621 ,2.4
520302,Mt Wellington West,18,63,78,9.5, 270 , 321 , 150 , 744 ,90.2, 825 , 15 , 840 ,2.5
520303,Mt Wellington North,33,120,156,16.9, 282 , 324 , 165 , 768 ,83.4, 921 , 63 , 984 ,2.9
520401,Ferndale,48,120,171,11.9, 420 , 537 , 309 ," 1,266 ",88.1," 1,437 ", 72 ," 1,509 ",2.8
520402,Hamlin,60,120,180,12.2, 420 , 486 , 384 ," 1,293 ",87.8," 1,473 ", 45 ," 1,518 ",3.1
520500,Mt Wellington South,120,189,309,20.8, 429 , 429 , 321 ," 1,179 ",79.2," 1,488 ", 60 ," 1,548 ",3.5
520601,Tamaki,102,180,279,23.8, 402 , 306 , 183 , 891 ,76.2," 1,170 ", 123 ," 1,290 ",3.4
520602,Panmure Basin,15,48,60,5.9, 225 , 396 , 324 , 951 ,94.1," 1,011 ", 33 ," 1,044 ",2.3
520801,Waiheke Island,12,114,126,3.9, 891 ," 1,194 "," 1,002 "," 3,084 ",96.1," 3,210 ", 114 ," 3,324 ",2.2
520900,Islands-Motutapu Rangitoto Rakino,,,,, 6 , 9 , 9 , 21 ,100.0, 21 , ..C , 24 ,2.3
521000,Great Barrier Island,,12,15,3.9, 108 , 129 , 135 , 372 ,96.1, 387 , 33 , 420 ,1.8
521111,Paerata-Cape Hill,,9,9,3.2, 45 , 99 , 123 , 270 ,95.7, 282 , 9 , 288 ,3.0
521112,Eden Road-Hill Top,,6,9,5.7, 27 , 57 , 69 , 153 ,96.2, 159 , 15 , 174 ,3.3
521116,Buckland,,,,, 21 , 54 , 66 , 141 ,95.9, 147 , ..C , 147 ,3.1
521121,Patumahoe,,18,21,3.0, 111 , 213 , 366 , 690 ,97.0, 711 , 21 , 732 ,3.0
521122,Kingseat,9,30,42,2.2, 321 , 561 , 984 ," 1,860 ",97.8," 1,902 ", 54 ," 1,953 ",2.9
521132,Hunua,6,30,33,2.6, 180 , 390 , 648 ," 1,218 ",97.4," 1,251 ", 63 ," 1,314 ",3.0
521134,Paparata,,,,, 15 , 21 , 33 , 69 ,95.8, 72 , ..C , 69 ,2.9
521151,Awhitu,,21,21,2.4, 138 , 264 , 450 , 855 ,97.3, 879 , 60 , 936 ,2.6
521152,Glenbrook,,12,15,2.2, 111 , 216 , 327 , 657 ,98.2, 669 , 36 , 705 ,2.8
521160,Bombay,,12,12,4.5, 36 , 63 , 147 , 249 ,94.3, 264 , 12 , 273 ,2.9
521201,Hingaia,,3,3,1.4, 24 , 54 , 141 , 216 ,98.6, 219 , ..C , 225 ,2.9
521202,Whangapouri Creek,,,,, 21 , 60 , 108 , 186 ,96.9, 192 , 3 , 198 ,2.9
521203,Bremner,,,,, 15 , 36 , 63 , 111 ,97.4, 114 , 6 , 120 ,3.3
521301,Drury,,27,27,2.7, 171 , 300 , 513 , 984 ,97.3," 1,011 ", 81 ," 1,092 ",3.0
521302,Runciman,,6,6,3.7, 51 , 36 , 72 , 156 ,96.3, 162 , 27 , 189 ,2.7
521501,Mellons Bay,,18,18,1.7, 207 , 366 , 474 ," 1,050 ",98.0," 1,071 ", 15 ," 1,083 ",2.8
521502,Cockle Bay,,27,27,1.7, 252 , 534 , 777 ," 1,563 ",98.3," 1,590 ", 33 ," 1,623 ",2.9
521601,Howick West,3,33,39,4.5, 198 , 336 , 297 , 831 ,95.2, 873 , 21 , 891 ,3.0
521602,Howick Central,6,54,60,2.9, 465 , 819 , 720 ," 2,004 ",97.1," 2,064 ", 45 ," 2,109 ",2.6
521801,Otahuhu North,66,162,228,29.1, 297 , 186 , 72 , 555 ,70.9, 783 , 54 , 840 ,3.3
521802,Fairburn,96,162,258,27.7, 336 , 219 , 120 , 675 ,72.6, 930 , 108 ," 1,038 ",3.2
521803,Otahuhu East,42,69,111,23.4, 132 , 123 , 105 , 363 ,76.6, 474 , 30 , 507 ,3.7
521901,Otahuhu West,108,204,312,27.3, 381 , 291 , 156 , 831 ,72.7," 1,143 ", 168 ," 1,311 ",3.4
521902,Middlemore,,,,, ..C , ..C , ..C , ..C ,, ..C , ..C , ..C ,
522100,Papatoetoe West,78,171,246,18.1, 402 , 426 , 282 ," 1,113 ",81.7," 1,362 ", 165 ," 1,524 ",3.3
522201,Papatoetoe North,54,165,219,13.7, 465 , 549 , 375 ," 1,386 ",86.5," 1,602 ", 108 ," 1,713 ",2.9
522202,Papatoetoe Central,69,147,216,14.8, 426 , 522 , 300 ," 1,248 ",85.2," 1,464 ", 63 ," 1,527 ",2.7
522301,Dingwall,33,108,141,13.9, 291 , 342 , 243 , 876 ,86.1," 1,017 ", 39 ," 1,053 ",3.1
522302,Papatoetoe East,81,210,294,20.2, 438 , 426 , 303 ," 1,167 ",80.0," 1,458 ", 108 ," 1,566 ",3.3
522400,Puhinui North,42,96,138,11.7, 360 , 411 , 264 ," 1,038 ",88.3," 1,176 ", 102 ," 1,278 ",3.0
522601,Bucklands and Eastern Beaches,6,36,42,2.4, 303 , 570 , 834 ," 1,704 ",97.6," 1,746 ", 18 ," 1,764 ",2.9
522603,Bleakhouse,,6,6,1.0, 75 , 204 , 306 , 585 ,99.5, 588 , 18 , 606 ,3.1
522604,Bucklands Beach South,3,30,33,4.1, 159 , 270 , 348 , 777 ,95.6, 813 , 12 , 825 ,3.1
522711,Pigeon Mountain North,15,54,69,7.3, 255 , 336 , 294 , 882 ,92.7, 951 , 27 , 978 ,3.3
522712,Murvale,12,54,63,5.3, 309 , 432 , 381 ," 1,122 ",94.4," 1,188 ", 21 ," 1,209 ",3.3
522721,Pigeon Mountain South,6,9,15,3.0, 81 , 282 , 117 , 480 ,97.6, 492 , 6 , 498 ,2.4
522722,Highland Park,12,69,81,5.6, 285 , 558 , 519 ," 1,362 ",94.6," 1,440 ", 96 ," 1,536 ",2.7
522723,Elsmore Park,15,54,69,8.3, 240 , 249 , 276 , 765 ,91.7, 834 , 21 , 852 ,3.3
522730,Half Moon Bay,3,27,30,2.5, 189 , 423 , 549 ," 1,161 ",97.5," 1,191 ", 18 ," 1,209 ",2.8
522810,Pakuranga North,12,51,63,4.3, 279 , 504 , 612 ," 1,392 ",95.5," 1,458 ", 33 ," 1,488 ",2.9
522820,Sunnyhills,6,33,36,3.4, 156 , 342 , 540 ," 1,038 ",96.6," 1,074 ", 33 ," 1,107 ",2.9
522910,Pakuranga Central,15,54,69,6.7, 261 , 333 , 366 , 960 ,93.3," 1,029 ", 33 ," 1,062 ",3.1
522920,Edgewater,33,84,117,8.9, 393 , 468 , 342 ," 1,203 ",91.3," 1,317 ", 57 ," 1,377 ",2.8
523000,Pakuranga East,30,96,129,8.4, 366 , 534 , 501 ," 1,404 ",91.8," 1,530 ", 48 ," 1,578 ",3.2
523101,Howick South,9,54,63,4.0, 294 , 558 , 660 ," 1,512 ",96.0," 1,575 ", 18 ," 1,593 ",3.0
523102,Meadowland,6,30,36,2.6, 192 , 408 , 750 ," 1,347 ",97.2," 1,386 ", 18 ," 1,401 ",3.3
523105,Golfland,,15,18,2.2, 123 , 246 , 432 , 804 ,97.5, 825 , 18 , 840 ,2.8
523106,Millhouse,6,33,39,2.4, 201 , 492 , 879 ," 1,569 ",97.6," 1,608 ", 21 ," 1,629 ",3.1
523107,Burswood,9,36,45,8.4, 114 , 204 , 177 , 492 ,91.6, 537 , 18 , 558 ,3.1
523109,Dannemora,12,42,54,4.3, 237 , 441 , 513 ," 1,191 ",95.7," 1,245 ", 24 ," 1,269 ",3.1
523110,Kilkenny,6,6,12,1.6, 57 , 192 , 501 , 750 ,98.4, 762 , 15 , 777 ,3.5
523112,Highbrook,,3,3,12.5, 9 , 6 , 3 , 15 ,62.5, 24 , 6 , 30 ,2.2
523113,Greenmount,24,69,93,6.3, 372 , 534 , 492 ," 1,398 ",94.0," 1,488 ", 36 ," 1,527 ",2.9
523114,Point View,6,33,36,2.6, 147 , 402 , 792 ," 1,341 ",97.2," 1,380 ", 27 ," 1,404 ",3.4
523115,Baverstock Oaks,9,24,33,2.9, 120 , 300 , 699 ," 1,116 ",97.1," 1,149 ", 27 ," 1,179 ",3.8
523116,Mission Heights,,,,, ..C , ..C , 12 , 15 ,100.0, 15 , ..C , 15 ,3.2
523201,Shelly Park,,9,6,0.9, 99 , 228 , 360 , 690 ,99.1, 696 , 15 , 711 ,2.9
523202,Turanga,,9,9,1.6, 87 , 141 , 333 , 561 ,98.4, 570 , 21 , 591 ,3.1
523300,Beachlands-Maraetai,9,39,48,2.7, 315 , 600 , 792 ," 1,707 ",97.3," 1,755 ", 54 ," 1,806 ",2.8
523402,Otara West,114,126,240,43.5, 168 , 84 , 60 , 312 ,56.5, 552 , 99 , 651 ,4.8
523403,Wymondley,36,51,87,43.3, 54 , 33 , 27 , 114 ,56.7, 201 , 30 , 228 ,5.0
523404,Grange,3,21,24,14.5, 42 , 60 , 42 , 141 ,85.5, 165 , 6 , 171 ,3.5
523501,Otara North,48,66,114,38.8, 81 , 57 , 39 , 180 ,61.2, 294 , 39 , 333 ,4.7
523502,Otara East,165,186,351,39.4, 300 , 150 , 90 , 543 ,60.9, 891 , 105 , 996 ,4.6
523601,Otara South,141,135,273,41.9, 210 , 108 , 57 , 378 ,58.1, 651 , 99 , 753 ,4.7
523602,Ferguson,174,177,351,48.8, 216 , 102 , 57 , 372 ,51.7, 720 , 126 , 846 ,5.1
523711,Rongomai,177,162,339,39.1, 252 , 189 , 87 , 525 ,60.6, 867 , 90 , 957 ,4.7
523712,Donegal Park,66,138,207,15.1, 381 , 453 , 327 ," 1,161 ",84.9," 1,368 ", 102 ," 1,470 ",3.6
523713,Ormiston,,9,9,3.7, 30 , 45 , 156 , 231 ,95.1, 243 , 12 , 255 ,3.4
523721,Clover Park,138,156,294,34.6, 264 , 177 , 114 , 555 ,65.4, 849 , 60 , 909 ,4.7
523722,Redoubt North,66,123,189,15.9, 327 , 324 , 348 , 999 ,83.9," 1,191 ", 93 ," 1,281 ",3.6
523813,Ardmore,,12,12,2.9, 51 , 111 , 234 , 399 ,97.1, 411 , 24 , 432 ,3.1
523814,Totara Heights,12,45,57,3.9, 216 , 399 , 774 ," 1,392 ",96.1," 1,449 ", 39 ," 1,488 ",3.2
523816,Randwick Park,54,99,153,18.9, 219 , 246 , 195 , 657 ,81.1, 810 , 84 , 897 ,3.7
523817,Hyperion,45,75,120,23.5, 141 , 135 , 111 , 390 ,76.5, 510 , 57 , 567 ,3.8
523818,Redoubt East,,,,, 27 , 45 , 135 , 207 ,98.6, 210 , 6 , 219 ,3.3
523819,Mill Road,,6,6,2.8, 24 , 57 , 126 , 207 ,97.2, 213 , 6 , 219 ,3.5
523820,Redoubt South,51,78,129,7.8, 339 , 498 , 687 ," 1,524 ",92.2," 1,653 ", 111 ," 1,767 ",3.5
523911,Takanini North,42,90,135,15.7, 234 , 255 , 231 , 723 ,84.3, 858 , 81 , 939 ,3.3
523912,Takanini South,15,60,75,7.0, 249 , 399 , 348 , 993 ,93.0," 1,068 ", 60 ," 1,131 ",2.8
523920,Takanini West,33,57,90,6.0, 291 , 480 , 633 ," 1,404 ",94.2," 1,491 ", 66 ," 1,560 ",2.9
524001,Ambury,15,60,72,6.8, 210 , 366 , 402 , 981 ,92.9," 1,056 ", 72 ," 1,128 ",2.9
524002,Mangere Bridge,54,141,198,12.1, 405 , 540 , 489 ," 1,434 ",87.9," 1,632 ", 159 ," 1,791 ",3.1
524111,Mangere Central,93,108,201,34.9, 168 , 126 , 81 , 375 ,65.1, 576 , 39 , 615 ,4.7
524112,Mascot,126,126,252,34.7, 207 , 162 , 108 , 474 ,65.3, 726 , 63 , 789 ,4.8
524121,Arahanga,63,78,144,37.5, 117 , 63 , 60 , 243 ,63.3, 384 , 36 , 417 ,4.7
524122,Viscount,114,168,282,38.4, 225 , 138 , 90 , 453 ,61.6, 735 , 78 , 813 ,4.8
524200,Mangere South,111,165,273,20.7, 357 , 354 , 339 ," 1,047 ",79.3," 1,320 ", 168 ," 1,488 ",4.3
524301,Mangere East,96,177,270,20.4, 411 , 345 , 297 ," 1,053 ",79.4," 1,326 ", 105 ," 1,431 ",3.6
524302,Aorere,129,171,300,31.4, 267 , 216 , 174 , 651 ,68.2, 954 , 183 ," 1,134 ",4.5
524303,Kohuora,90,201,294,21.4, 423 , 393 , 264 ," 1,077 ",78.6," 1,371 ", 102 ," 1,476 ",3.7
524402,Mangere Station,6,9,12,36.4, 12 , 9 , ..C , 21 ,63.6, 33 , 6 , 39 ,4.1
524403,Favona West,69,66,135,33.8, 126 , 90 , 48 , 261 ,65.4, 399 , 57 , 459 ,4.7
524404,Favona North,63,81,144,29.6, 138 , 123 , 84 , 345 ,71.0, 486 , 57 , 540 ,4.3
524405,Favona South,51,69,123,25.2, 138 , 123 , 108 , 369 ,75.5, 489 , 111 , 603 ,4.7
524510,Harania North,117,129,249,40.5, 168 , 117 , 81 , 366 ,59.5, 615 , 84 , 699 ,5.3
524520,Harania West,138,159,297,33.4, 270 , 213 , 108 , 594 ,66.9, 888 , 129 ," 1,020 ",4.4
524530,Harania East,159,210,369,37.2, 294 , 216 , 111 , 621 ,62.5, 993 , 114 ," 1,107 ",4.6
524602,Wiri,96,186,282,32.4, 306 , 201 , 84 , 588 ,67.6, 870 , 135 ," 1,002 ",3.9
524603,Puhinui South,33,93,126,17.8, 252 , 198 , 129 , 579 ,81.8, 708 , 81 , 786 ,3.1
524604,Manukau Central,6,12,15,10.9, 93 , 24 , 6 , 123 ,89.1, 138 , 45 , 183 ,1.9
524711,Burbank,72,114,186,29.2, 180 , 150 , 120 , 450 ,70.8, 636 , 93 , 729 ,4.3
524712,Homai West,60,84,144,30.8, 135 , 102 , 90 , 327 ,69.9, 468 , 27 , 495 ,4.2
524713,Rowandale,87,117,207,32.9, 180 , 171 , 75 , 426 ,67.6, 630 , 75 , 705 ,4.3
524720,Homai East,93,177,270,18.2, 438 , 462 , 315 ," 1,215 ",81.8," 1,485 ", 153 ," 1,638 ",3.5
524811,Weymouth West,54,90,144,13.6, 264 , 351 , 300 , 915 ,86.4," 1,059 ", 78 ," 1,137 ",3.4
524812,Weymouth East,84,117,201,16.9, 306 , 351 , 330 , 987 ,83.1," 1,188 ", 84 ," 1,272 ",3.7
524821,Clendon North,69,126,198,31.1, 174 , 159 , 105 , 441 ,69.3, 636 , 72 , 708 ,4.1
524822,Clendon South,114,183,294,28.2, 327 , 261 , 159 , 747 ,71.6," 1,044 ", 138 ," 1,182 ",4.2
524901,Hillpark,24,84,105,6.8, 321 , 513 , 594 ," 1,428 ",93.2," 1,533 ", 54 ," 1,587 ",3.0
524902,Manurewa East,33,60,96,15.0, 183 , 201 , 165 , 546 ,85.0, 642 , 54 , 699 ,3.2
525001,Manurewa Central,39,105,144,12.7, 357 , 378 , 255 , 993 ,87.3," 1,137 ", 111 ," 1,248 ",2.9
525002,Beaumont,30,66,96,14.7, 195 , 222 , 138 , 555 ,84.9, 654 , 54 , 705 ,3.0
525101,Leabank,60,144,204,15.9, 402 , 366 , 306 ," 1,077 ",84.1," 1,281 ", 150 ," 1,431 ",3.4
525102,Wattle Farm,57,93,147,7.1, 318 , 699 , 915 ," 1,929 ",92.8," 2,079 ", 87 ," 2,163 ",3.1
525201,Clevedon,,12,18,2.2, 132 , 264 , 396 , 792 ,98.1, 807 , 33 , 840 ,2.9
525202,Kawakawa-Orere,,12,15,3.6, 78 , 165 , 156 , 402 ,96.4, 417 , 21 , 438 ,2.4
525410,Papakura Central,12,48,60,7.5, 195 , 372 , 165 , 735 ,92.5, 795 , 60 , 855 ,2.2
525420,Papakura North,9,33,39,4.3, 222 , 414 , 240 , 876 ,95.7, 915 , 60 , 978 ,2.2
525510,Papakura South,18,51,72,16.9, 117 , 144 , 96 , 357 ,83.8, 426 , 36 , 465 ,3.4
525520,Opaheke,12,24,36,4.4, 150 , 276 , 348 , 774 ,95.6, 810 , 33 , 846 ,3.0
525530,Rosehill,33,72,105,11.8, 222 , 294 , 273 , 789 ,88.6, 891 , 57 , 951 ,3.3
525540,Pahurehure,,12,18,1.8, 171 , 360 , 468 , 999 ,98.5," 1,014 ", 18 ," 1,032 ",2.9
525610,Papakura East,99,168,264,18.4, 348 , 411 , 408 ," 1,164 ",81.3," 1,431 ", 108 ," 1,539 ",3.5
525620,Massey Park,15,42,54,9.0, 141 , 213 , 192 , 552 ,91.5, 603 , 27 , 633 ,2.8
525630,Papakura North East,30,57,87,7.2, 255 , 438 , 429 ," 1,122 ",92.8," 1,209 ", 42 ," 1,251 ",2.9
525700,Red Hill,30,63,90,12.6, 147 , 201 , 279 , 624 ,87.0, 717 , 54 , 771 ,3.3
525910,Pukekohe North,69,117,186,8.3, 495 , 744 , 828 ," 2,067 ",91.7," 2,253 ", 162 ," 2,412 ",3.0
525921,Pukekohe West,15,66,84,4.1, 360 , 726 , 906 ," 1,989 ",95.9," 2,073 ", 90 ," 2,163 ",2.6
525922,Bledisloe Park,9,24,33,3.5, 162 , 339 , 399 , 900 ,96.5, 933 , 33 , 963 ,2.6
526103,Waiuku West,6,33,39,3.9, 186 , 348 , 426 , 960 ,96.1, 999 , 45 ," 1,044 ",2.5
526104,Waiuku East,12,39,51,4.5, 216 , 405 , 447 ," 1,071 ",95.5," 1,122 ", 51 ," 1,170 ",2.8
526105,South Waiuku,,3,6,1.5, 51 , 132 , 219 , 402 ,99.3, 405 , 24 , 429 ,2.9
615800,Mokohinau Island,,,,, ..C , ..C , ..C , ..C ,, ..C , ..C , ..C ,
615900,Little Barrier Island,,,,, ..C , ..C , ..C , ..C ,, ..C , ..C , ..C ,
616001,Kaikoura and Rangiahua Islands,,,,, ..C , ..C , ..C , ..C ,, 6 , ..C , 3 ,3.0
